[{"model": "auth.permission", "pk": 1, "fields": {"name": "Can add log entry", "content_type": 1, "codename": "add_logentry"}}, {"model": "auth.permission", "pk": 2, "fields": {"name": "Can change log entry", "content_type": 1, "codename": "change_logentry"}}, {"model": "auth.permission", "pk": 3, "fields": {"name": "Can delete log entry", "content_type": 1, "codename": "delete_logentry"}}, {"model": "auth.permission", "pk": 4, "fields": {"name": "Can view log entry", "content_type": 1, "codename": "view_logentry"}}, {"model": "auth.permission", "pk": 5, "fields": {"name": "Can add permission", "content_type": 2, "codename": "add_permission"}}, {"model": "auth.permission", "pk": 6, "fields": {"name": "Can change permission", "content_type": 2, "codename": "change_permission"}}, {"model": "auth.permission", "pk": 7, "fields": {"name": "Can delete permission", "content_type": 2, "codename": "delete_permission"}}, {"model": "auth.permission", "pk": 8, "fields": {"name": "Can view permission", "content_type": 2, "codename": "view_permission"}}, {"model": "auth.permission", "pk": 9, "fields": {"name": "Can add group", "content_type": 3, "codename": "add_group"}}, {"model": "auth.permission", "pk": 10, "fields": {"name": "Can change group", "content_type": 3, "codename": "change_group"}}, {"model": "auth.permission", "pk": 11, "fields": {"name": "Can delete group", "content_type": 3, "codename": "delete_group"}}, {"model": "auth.permission", "pk": 12, "fields": {"name": "Can view group", "content_type": 3, "codename": "view_group"}}, {"model": "auth.permission", "pk": 13, "fields": {"name": "Can add content type", "content_type": 4, "codename": "add_contenttype"}}, {"model": "auth.permission", "pk": 14, "fields": {"name": "Can change content type", "content_type": 4, "codename": "change_contenttype"}}, {"model": "auth.permission", "pk": 15, "fields": {"name": "Can delete content type", "content_type": 4, "codename": "delete_contenttype"}}, {"model": "auth.permission", "pk": 16, "fields": {"name": "Can view content type", "content_type": 4, "codename": "view_contenttype"}}, {"model": "auth.permission", "pk": 17, "fields": {"name": "Can add session", "content_type": 5, "codename": "add_session"}}, {"model": "auth.permission", "pk": 18, "fields": {"name": "Can change session", "content_type": 5, "codename": "change_session"}}, {"model": "auth.permission", "pk": 19, "fields": {"name": "Can delete session", "content_type": 5, "codename": "delete_session"}}, {"model": "auth.permission", "pk": 20, "fields": {"name": "Can view session", "content_type": 5, "codename": "view_session"}}, {"model": "auth.permission", "pk": 21, "fields": {"name": "Can add user social auth", "content_type": 6, "codename": "add_usersocialauth"}}, {"model": "auth.permission", "pk": 22, "fields": {"name": "Can change user social auth", "content_type": 6, "codename": "change_usersocialauth"}}, {"model": "auth.permission", "pk": 23, "fields": {"name": "Can delete user social auth", "content_type": 6, "codename": "delete_usersocialauth"}}, {"model": "auth.permission", "pk": 24, "fields": {"name": "Can view user social auth", "content_type": 6, "codename": "view_usersocialauth"}}, {"model": "auth.permission", "pk": 25, "fields": {"name": "Can add nonce", "content_type": 7, "codename": "add_nonce"}}, {"model": "auth.permission", "pk": 26, "fields": {"name": "Can change nonce", "content_type": 7, "codename": "change_nonce"}}, {"model": "auth.permission", "pk": 27, "fields": {"name": "Can delete nonce", "content_type": 7, "codename": "delete_nonce"}}, {"model": "auth.permission", "pk": 28, "fields": {"name": "Can view nonce", "content_type": 7, "codename": "view_nonce"}}, {"model": "auth.permission", "pk": 29, "fields": {"name": "Can add association", "content_type": 8, "codename": "add_association"}}, {"model": "auth.permission", "pk": 30, "fields": {"name": "Can change association", "content_type": 8, "codename": "change_association"}}, {"model": "auth.permission", "pk": 31, "fields": {"name": "Can delete association", "content_type": 8, "codename": "delete_association"}}, {"model": "auth.permission", "pk": 32, "fields": {"name": "Can view association", "content_type": 8, "codename": "view_association"}}, {"model": "auth.permission", "pk": 33, "fields": {"name": "Can add code", "content_type": 9, "codename": "add_code"}}, {"model": "auth.permission", "pk": 34, "fields": {"name": "Can change code", "content_type": 9, "codename": "change_code"}}, {"model": "auth.permission", "pk": 35, "fields": {"name": "Can delete code", "content_type": 9, "codename": "delete_code"}}, {"model": "auth.permission", "pk": 36, "fields": {"name": "Can view code", "content_type": 9, "codename": "view_code"}}, {"model": "auth.permission", "pk": 37, "fields": {"name": "Can add partial", "content_type": 10, "codename": "add_partial"}}, {"model": "auth.permission", "pk": 38, "fields": {"name": "Can change partial", "content_type": 10, "codename": "change_partial"}}, {"model": "auth.permission", "pk": 39, "fields": {"name": "Can delete partial", "content_type": 10, "codename": "delete_partial"}}, {"model": "auth.permission", "pk": 40, "fields": {"name": "Can view partial", "content_type": 10, "codename": "view_partial"}}, {"model": "auth.permission", "pk": 41, "fields": {"name": "Can add \u0441\u0442\u0440\u0430\u043d\u0430", "content_type": 11, "codename": "add_country"}}, {"model": "auth.permission", "pk": 42, "fields": {"name": "Can change \u0441\u0442\u0440\u0430\u043d\u0430", "content_type": 11, "codename": "change_country"}}, {"model": "auth.permission", "pk": 43, "fields": {"name": "Can delete \u0441\u0442\u0440\u0430\u043d\u0430", "content_type": 11, "codename": "delete_country"}}, {"model": "auth.permission", "pk": 44, "fields": {"name": "Can view \u0441\u0442\u0440\u0430\u043d\u0430", "content_type": 11, "codename": "view_country"}}, {"model": "auth.permission", "pk": 45, "fields": {"name": "Can add \u0433\u043e\u0440\u043e\u0434", "content_type": 12, "codename": "add_city"}}, {"model": "auth.permission", "pk": 46, "fields": {"name": "Can change \u0433\u043e\u0440\u043e\u0434", "content_type": 12, "codename": "change_city"}}, {"model": "auth.permission", "pk": 47, "fields": {"name": "Can delete \u0433\u043e\u0440\u043e\u0434", "content_type": 12, "codename": "delete_city"}}, {"model": "auth.permission", "pk": 48, "fields": {"name": "Can view \u0433\u043e\u0440\u043e\u0434", "content_type": 12, "codename": "view_city"}}, {"model": "auth.permission", "pk": 49, "fields": {"name": "Can add \u043c\u0435\u0441\u0442\u043e", "content_type": 13, "codename": "add_place"}}, {"model": "auth.permission", "pk": 50, "fields": {"name": "Can change \u043c\u0435\u0441\u0442\u043e", "content_type": 13, "codename": "change_place"}}, {"model": "auth.permission", "pk": 51, "fields": {"name": "Can delete \u043c\u0435\u0441\u0442\u043e", "content_type": 13, "codename": "delete_place"}}, {"model": "auth.permission", "pk": 52, "fields": {"name": "Can view \u043c\u0435\u0441\u0442\u043e", "content_type": 13, "codename": "view_place"}}, {"model": "auth.permission", "pk": 53, "fields": {"name": "Can add \u0442\u0438\u043f \u043f\u043b\u043e\u0449\u0430\u0434\u043a\u0438", "content_type": 14, "codename": "add_courttype"}}, {"model": "auth.permission", "pk": 54, "fields": {"name": "Can change \u0442\u0438\u043f \u043f\u043b\u043e\u0449\u0430\u0434\u043a\u0438", "content_type": 14, "codename": "change_courttype"}}, {"model": "auth.permission", "pk": 55, "fields": {"name": "Can delete \u0442\u0438\u043f \u043f\u043b\u043e\u0449\u0430\u0434\u043a\u0438", "content_type": 14, "codename": "delete_courttype"}}, {"model": "auth.permission", "pk": 56, "fields": {"name": "Can view \u0442\u0438\u043f \u043f\u043b\u043e\u0449\u0430\u0434\u043a\u0438", "content_type": 14, "codename": "view_courttype"}}, {"model": "auth.permission", "pk": 57, "fields": {"name": "Can add \u043f\u043b\u043e\u0449\u0430\u0434\u043a\u0430", "content_type": 15, "codename": "add_court"}}, {"model": "auth.permission", "pk": 58, "fields": {"name": "Can change \u043f\u043b\u043e\u0449\u0430\u0434\u043a\u0430", "content_type": 15, "codename": "change_court"}}, {"model": "auth.permission", "pk": 59, "fields": {"name": "Can delete \u043f\u043b\u043e\u0449\u0430\u0434\u043a\u0430", "content_type": 15, "codename": "delete_court"}}, {"model": "auth.permission", "pk": 60, "fields": {"name": "Can view \u043f\u043b\u043e\u0449\u0430\u0434\u043a\u0430", "content_type": 15, "codename": "view_court"}}, {"model": "auth.permission", "pk": 61, "fields": {"name": "Can add \u0438\u0433\u0440\u0430", "content_type": 16, "codename": "add_game"}}, {"model": "auth.permission", "pk": 62, "fields": {"name": "Can change \u0438\u0433\u0440\u0430", "content_type": 16, "codename": "change_game"}}, {"model": "auth.permission", "pk": 63, "fields": {"name": "Can delete \u0438\u0433\u0440\u0430", "content_type": 16, "codename": "delete_game"}}, {"model": "auth.permission", "pk": 64, "fields": {"name": "Can view \u0438\u0433\u0440\u0430", "content_type": 16, "codename": "view_game"}}, {"model": "auth.permission", "pk": 65, "fields": {"name": "Can add \u0437\u0430\u043f\u0438\u0441\u044c \u043d\u0430 \u0438\u0433\u0440\u0443", "content_type": 17, "codename": "add_usergameaction"}}, {"model": "auth.permission", "pk": 66, "fields": {"name": "Can change \u0437\u0430\u043f\u0438\u0441\u044c \u043d\u0430 \u0438\u0433\u0440\u0443", "content_type": 17, "codename": "change_usergameaction"}}, {"model": "auth.permission", "pk": 67, "fields": {"name": "Can delete \u0437\u0430\u043f\u0438\u0441\u044c \u043d\u0430 \u0438\u0433\u0440\u0443", "content_type": 17, "codename": "delete_usergameaction"}}, {"model": "auth.permission", "pk": 68, "fields": {"name": "Can view \u0437\u0430\u043f\u0438\u0441\u044c \u043d\u0430 \u0438\u0433\u0440\u0443", "content_type": 17, "codename": "view_usergameaction"}}, {"model": "auth.permission", "pk": 69, "fields": {"name": "Can add \u0412\u0438\u0434 \u0441\u043f\u043e\u0440\u0442\u0430", "content_type": 18, "codename": "add_sporttype"}}, {"model": "auth.permission", "pk": 70, "fields": {"name": "Can change \u0412\u0438\u0434 \u0441\u043f\u043e\u0440\u0442\u0430", "content_type": 18, "codename": "change_sporttype"}}, {"model": "auth.permission", "pk": 71, "fields": {"name": "Can delete \u0412\u0438\u0434 \u0441\u043f\u043e\u0440\u0442\u0430", "content_type": 18, "codename": "delete_sporttype"}}, {"model": "auth.permission", "pk": 72, "fields": {"name": "Can view \u0412\u0438\u0434 \u0441\u043f\u043e\u0440\u0442\u0430", "content_type": 18, "codename": "view_sporttype"}}, {"model": "auth.permission", "pk": 73, "fields": {"name": "Can add \u0422\u0438\u043f \u0438\u0433\u0440\u044b", "content_type": 19, "codename": "add_gametype"}}, {"model": "auth.permission", "pk": 74, "fields": {"name": "Can change \u0422\u0438\u043f \u0438\u0433\u0440\u044b", "content_type": 19, "codename": "change_gametype"}}, {"model": "auth.permission", "pk": 75, "fields": {"name": "Can delete \u0422\u0438\u043f \u0438\u0433\u0440\u044b", "content_type": 19, "codename": "delete_gametype"}}, {"model": "auth.permission", "pk": 76, "fields": {"name": "Can view \u0422\u0438\u043f \u0438\u0433\u0440\u044b", "content_type": 19, "codename": "view_gametype"}}, {"model": "auth.permission", "pk": 77, "fields": {"name": "Can add \u0430\u043c\u043f\u043b\u0443\u0430", "content_type": 20, "codename": "add_amplua"}}, {"model": "auth.permission", "pk": 78, "fields": {"name": "Can change \u0430\u043c\u043f\u043b\u0443\u0430", "content_type": 20, "codename": "change_amplua"}}, {"model": "auth.permission", "pk": 79, "fields": {"name": "Can delete \u0430\u043c\u043f\u043b\u0443\u0430", "content_type": 20, "codename": "delete_amplua"}}, {"model": "auth.permission", "pk": 80, "fields": {"name": "Can view \u0430\u043c\u043f\u043b\u0443\u0430", "content_type": 20, "codename": "view_amplua"}}, {"model": "auth.permission", "pk": 81, "fields": {"name": "Can add \u043f\u043e\u043b\u044c\u0437\u043e\u0432\u0430\u0442\u0435\u043b\u044c", "content_type": 21, "codename": "add_user"}}, {"model": "auth.permission", "pk": 82, "fields": {"name": "Can change \u043f\u043e\u043b\u044c\u0437\u043e\u0432\u0430\u0442\u0435\u043b\u044c", "content_type": 21, "codename": "change_user"}}, {"model": "auth.permission", "pk": 83, "fields": {"name": "Can delete \u043f\u043e\u043b\u044c\u0437\u043e\u0432\u0430\u0442\u0435\u043b\u044c", "content_type": 21, "codename": "delete_user"}}, {"model": "auth.permission", "pk": 84, "fields": {"name": "Can view \u043f\u043e\u043b\u044c\u0437\u043e\u0432\u0430\u0442\u0435\u043b\u044c", "content_type": 21, "codename": "view_user"}}, {"model": "auth.group", "pk": 1, "fields": {"name": "\u041e\u0440\u0433\u0430\u043d\u0438\u0437\u0430\u0442\u043e\u0440\u044b \u0438\u0433\u0440", "permissions": [57, 58, 49, 50, 52, 61, 62, 63, 64]}}, {"model": "sessions.session", "pk": "13uxcxzhwd2v53smog802vkmmu8o5bpr", "fields": {"session_data": "YmRlMWE5NWJmNDNkZmNlNDM4NWUyNjUzZmRiZjI3NTdhZjE1MjRhNTp7InZrLW9hdXRoMl9zdGF0ZSI6IkFXQjJscHR3Ukd0TU1NRFdEVmVBdEt3cm5KZERSV0FKIiwiX2F1dGhfdXNlcl9pZCI6IjEiLCJfYXV0aF91c2VyX2JhY2tlbmQiOiJzb2NpYWxfY29yZS5iYWNrZW5kcy52ay5WS09BdXRoMiIsIl9hdXRoX3VzZXJfaGFzaCI6IjNhNjUxNWNmOGU2OTkyY2VmMjg1ZTBmNGIxNjBiNTY3MjUwMTk1NTMiLCJzb2NpYWxfYXV0aF9sYXN0X2xvZ2luX2JhY2tlbmQiOiJ2ay1vYXV0aDIifQ==", "expire_date": "2018-10-19T07:47:28.062Z"}}, {"model": "courts.country", "pk": 1, "fields": {"title": "\u0420\u043e\u0441\u0441\u0438\u044f"}}, {"model": "courts.place", "pk": 1, "fields": {"city": 1, "longitude": 60.581619, "latitude": 56.84002, "address": "\u0420\u043e\u0441\u0441\u0438\u044f, \u0421\u0432\u0435\u0440\u0434\u043b\u043e\u0432\u0441\u043a\u0430\u044f \u043e\u0431\u043b\u0430\u0441\u0442\u044c, \u0415\u043a\u0430\u0442\u0435\u0440\u0438\u043d\u0431\u0443\u0440\u0433, \u041c\u043e\u0441\u043a\u043e\u0432\u0441\u043a\u0430\u044f \u0443\u043b\u0438\u0446\u0430, 9", "geo_json": {"type": "FeatureCollection", "features": [{"type": "Feature", "geometry": {"type": "Point", "coordinates": ["60.581619", "56.84002"]}, "properties": {"ok": true, "lat": "56.84002", "lng": "60.581619", "raw": {"name": "\u041c\u043e\u0441\u043a\u043e\u0432\u0441\u043a\u0430\u044f \u0443\u043b\u0438\u0446\u0430, 9", "Point": {"pos": "60.581619 56.84002"}, "boundedBy": {"Envelope": {"lowerCorner": "60.577514 56.83777", "upperCorner": "60.585724 56.84227"}}, "description": "\u0415\u043a\u0430\u0442\u0435\u0440\u0438\u043d\u0431\u0443\u0440\u0433, \u0421\u0432\u0435\u0440\u0434\u043b\u043e\u0432\u0441\u043a\u0430\u044f \u043e\u0431\u043b\u0430\u0441\u0442\u044c, \u0420\u043e\u0441\u0441\u0438\u044f", "metaDataProperty": {"GeocoderMetaData": {"kind": "house", "text": "\u0420\u043e\u0441\u0441\u0438\u044f, \u0421\u0432\u0435\u0440\u0434\u043b\u043e\u0432\u0441\u043a\u0430\u044f \u043e\u0431\u043b\u0430\u0441\u0442\u044c, \u0415\u043a\u0430\u0442\u0435\u0440\u0438\u043d\u0431\u0443\u0440\u0433, \u041c\u043e\u0441\u043a\u043e\u0432\u0441\u043a\u0430\u044f \u0443\u043b\u0438\u0446\u0430, 9", "Address": {"formatted": "\u0421\u0432\u0435\u0440\u0434\u043b\u043e\u0432\u0441\u043a\u0430\u044f \u043e\u0431\u043b\u0430\u0441\u0442\u044c, \u0415\u043a\u0430\u0442\u0435\u0440\u0438\u043d\u0431\u0443\u0440\u0433, \u041c\u043e\u0441\u043a\u043e\u0432\u0441\u043a\u0430\u044f \u0443\u043b\u0438\u0446\u0430, 9", "Components": [{"kind": "country", "name": "\u0420\u043e\u0441\u0441\u0438\u044f"}, {"kind": "province", "name": "\u0423\u0440\u0430\u043b\u044c\u0441\u043a\u0438\u0439 \u0444\u0435\u0434\u0435\u0440\u0430\u043b\u044c\u043d\u044b\u0439 \u043e\u043a\u0440\u0443\u0433"}, {"kind": "province", "name": "\u0421\u0432\u0435\u0440\u0434\u043b\u043e\u0432\u0441\u043a\u0430\u044f \u043e\u0431\u043b\u0430\u0441\u0442\u044c"}, {"kind": "area", "name": "\u043c\u0443\u043d\u0438\u0446\u0438\u043f\u0430\u043b\u044c\u043d\u043e\u0435 \u043e\u0431\u0440\u0430\u0437\u043e\u0432\u0430\u043d\u0438\u0435 \u0413\u043e\u0440\u043e\u0434 \u0415\u043a\u0430\u0442\u0435\u0440\u0438\u043d\u0431\u0443\u0440\u0433"}, {"kind": "locality", "name": "\u0415\u043a\u0430\u0442\u0435\u0440\u0438\u043d\u0431\u0443\u0440\u0433"}, {"kind": "street", "name": "\u041c\u043e\u0441\u043a\u043e\u0432\u0441\u043a\u0430\u044f \u0443\u043b\u0438\u0446\u0430"}, {"kind": "house", "name": "9"}], "postal_code": "620014", "country_code": "RU"}, "precision": "exact", "AddressDetails": {"Country": {"AddressLine": "\u0421\u0432\u0435\u0440\u0434\u043b\u043e\u0432\u0441\u043a\u0430\u044f \u043e\u0431\u043b\u0430\u0441\u0442\u044c, \u0415\u043a\u0430\u0442\u0435\u0440\u0438\u043d\u0431\u0443\u0440\u0433, \u041c\u043e\u0441\u043a\u043e\u0432\u0441\u043a\u0430\u044f \u0443\u043b\u0438\u0446\u0430, 9", "CountryName": "\u0420\u043e\u0441\u0441\u0438\u044f", "CountryNameCode": "RU", "AdministrativeArea": {"SubAdministrativeArea": {"Locality": {"LocalityName": "\u0415\u043a\u0430\u0442\u0435\u0440\u0438\u043d\u0431\u0443\u0440\u0433", "Thoroughfare": {"Premise": {"PostalCode": {"PostalCodeNumber": "620014"}, "PremiseNumber": "9"}, "ThoroughfareName": "\u041c\u043e\u0441\u043a\u043e\u0432\u0441\u043a\u0430\u044f \u0443\u043b\u0438\u0446\u0430"}}, "SubAdministrativeAreaName": "\u043c\u0443\u043d\u0438\u0446\u0438\u043f\u0430\u043b\u044c\u043d\u043e\u0435 \u043e\u0431\u0440\u0430\u0437\u043e\u0432\u0430\u043d\u0438\u0435 \u0413\u043e\u0440\u043e\u0434 \u0415\u043a\u0430\u0442\u0435\u0440\u0438\u043d\u0431\u0443\u0440\u0433"}, "AdministrativeAreaName": "\u0421\u0432\u0435\u0440\u0434\u043b\u043e\u0432\u0441\u043a\u0430\u044f \u043e\u0431\u043b\u0430\u0441\u0442\u044c"}}}}}}, "city": "\u0415\u043a\u0430\u0442\u0435\u0440\u0438\u043d\u0431\u0443\u0440\u0433", "state": "\u0421\u0432\u0435\u0440\u0434\u043b\u043e\u0432\u0441\u043a\u0430\u044f \u043e\u0431\u043b\u0430\u0441\u0442\u044c", "county": "\u043c\u0443\u043d\u0438\u0446\u0438\u043f\u0430\u043b\u044c\u043d\u043e\u0435 \u043e\u0431\u0440\u0430\u0437\u043e\u0432\u0430\u043d\u0438\u0435 \u0413\u043e\u0440\u043e\u0434 \u0415\u043a\u0430\u0442\u0435\u0440\u0438\u043d\u0431\u0443\u0440\u0433", "status": "OK", "street": "\u041c\u043e\u0441\u043a\u043e\u0432\u0441\u043a\u0430\u044f \u0443\u043b\u0438\u0446\u0430", "address": "\u0420\u043e\u0441\u0441\u0438\u044f, \u0421\u0432\u0435\u0440\u0434\u043b\u043e\u0432\u0441\u043a\u0430\u044f \u043e\u0431\u043b\u0430\u0441\u0442\u044c, \u0415\u043a\u0430\u0442\u0435\u0440\u0438\u043d\u0431\u0443\u0440\u0433, \u041c\u043e\u0441\u043a\u043e\u0432\u0441\u043a\u0430\u044f \u0443\u043b\u0438\u0446\u0430, 9", "country": "\u0420\u043e\u0441\u0441\u0438\u044f", "quality": "house", "accuracy": "exact", "description": "\u0415\u043a\u0430\u0442\u0435\u0440\u0438\u043d\u0431\u0443\u0440\u0433, \u0421\u0432\u0435\u0440\u0434\u043b\u043e\u0432\u0441\u043a\u0430\u044f \u043e\u0431\u043b\u0430\u0441\u0442\u044c, \u0420\u043e\u0441\u0441\u0438\u044f", "housenumber": "9", "country_code": "RU"}}]}}}, {"model": "courts.courttype", "pk": 1, "fields": {"title": "\u041a\u0440\u044b\u0442\u0430\u044f"}}, {"model": "courts.courttype", "pk": 2, "fields": {"title": "\u0423\u043b\u0438\u0447\u043d\u0430\u044f"}}, {"model": "courts.court", "pk": 1, "fields": {"title": "\u0414\u043e\u043c\u0438\u043a", "description": "\u041e\u043f\u0438\u0441\u0430\u043d\u0438\u0435 \u0434\u043e\u043c\u0438\u043a\u0430", "admin_description": "", "place": 1, "type": 1, "photo": "courts/\u0415\u043a\u0430\u0442\u0435\u0440\u0438\u043d\u0431\u0443\u0440\u0433/\u0414\u043e\u043c\u0438\u043a/630_360_1502356938-4847.jpg", "price": 1500, "phone": "", "views": 0, "max_players": 0, "cost": 0, "sporttypes": []}}, {"model": "sports.sporttype", "pk": 1, "fields": {"title": "\u0411\u0430\u0441\u043a\u0435\u0442\u0431\u043e\u043b"}}, {"model": "sports.sporttype", "pk": 2, "fields": {"title": "\u0424\u0443\u0442\u0431\u043e\u043b"}}, {"model": "sports.sporttype", "pk": 3, "fields": {"title": "\u0412\u043e\u043b\u0435\u0439\u0431\u043e\u043b"}}, {"model": "sports.sporttype", "pk": 4, "fields": {"title": "\u0410\u043c\u0435\u0440\u0438\u043a\u0430\u043d\u0441\u043a\u0438\u0439 \u0444\u0443\u0442\u0431\u043e\u043b"}}, {"model": "sports.sporttype", "pk": 5, "fields": {"title": "\u0425\u043e\u043a\u043a\u0435\u0439"}}, {"model": "sports.sporttype", "pk": 6, "fields": {"title": "\u041f\u043e\u043b\u0438\u043b\u043e\u043f"}}, {"model": "sports.sporttype", "pk": 7, "fields": {"title": "\u0424\u043b\u0430\u0433-\u0444\u0443\u0442\u0431\u043e\u043b"}}, {"model": "sports.gametype", "pk": 1, "fields": {"sport_type": 1, "title": "\u041e\u0442\u043a\u0440\u044b\u0442\u0430\u044f \u0438\u0433\u0440\u0430 5\u04455", "description": ""}}, {"model": "sports.gametype", "pk": 2, "fields": {"sport_type": 1, "title": "\u0421\u0442\u0440\u0438\u0442\u0431\u043e\u043b 3\u04453", "description": ""}}, {"model": "sports.gametype", "pk": 3, "fields": {"sport_type": 3, "title": "\u041e\u0442\u043a\u0440\u044b\u0442\u0430\u044f \u0438\u0433\u0440\u0430 6*6", "description": ""}}, {"model": "sports.gametype", "pk": 4, "fields": {"sport_type": 3, "title": "\u041f\u043b\u044f\u0436\u043d\u044b\u0439 \u0432\u043e\u043b\u0435\u0439\u0431\u043e\u043b", "description": ""}}, {"model": "sports.gametype", "pk": 5, "fields": {"sport_type": 1, "title": "\u0422\u0440\u0435\u043d\u0438\u0440\u043e\u0432\u043a\u0430", "description": ""}}, {"model": "sports.gametype", "pk": 6, "fields": {"sport_type": 2, "title": "\u041c\u0438\u043d\u0438-\u0444\u0443\u0442\u0431\u043e\u043b", "description": ""}}, {"model": "sports.gametype", "pk": 7, "fields": {"sport_type": 2, "title": "\u0422\u0440\u0435\u043d\u0438\u0440\u043e\u0432\u043a\u0430 \u0441 \u0442\u0440\u0435\u043d\u0435\u0440\u043e\u043c", "description": ""}}, {"model": "sports.gametype", "pk": 8, "fields": {"sport_type": 4, "title": "\u041e\u0442\u043a\u0440\u044b\u0442\u0430\u044f \u0442\u0440\u0435\u043d\u0438\u0440\u043e\u0432\u043a\u0430", "description": ""}}, {"model": "sports.gametype", "pk": 9, "fields": {"sport_type": 3, "title": "\u0422\u0440\u0435\u043d\u0438\u0440\u043e\u0432\u043a\u0430", "description": ""}}, {"model": "sports.gametype", "pk": 10, "fields": {"sport_type": 5, "title": "\u041e\u0442\u043a\u0440\u044b\u0442\u0430\u044f \u0442\u0440\u0435\u043d\u0438\u0440\u043e\u0432\u043a\u0430", "description": ""}}, {"model": "sports.gametype", "pk": 11, "fields": {"sport_type": 6, "title": "\u041e\u0442\u043a\u0440\u044b\u0442\u0430\u044f \u0438\u0433\u0440\u0430", "description": ""}}, {"model": "sports.gametype", "pk": 12, "fields": {"sport_type": 7, "title": "\u041e\u0442\u043a\u0440\u044b\u0442\u0430\u044f \u0438\u0433\u0440\u0430", "description": ""}}, {"model": "sports.amplua", "pk": 1, "fields": {"sport_type": 1, "title": "\u0426\u0435\u043d\u0442\u0440\u043e\u0432\u043e\u0439"}}, {"model": "sports.amplua", "pk": 2, "fields": {"sport_type": 1, "title": "\u041c\u043e\u0449\u043d\u044b\u0439 \u0444\u043e\u0440\u0432\u0430\u0440\u0434"}}, {"model": "sports.amplua", "pk": 3, "fields": {"sport_type": 1, "title": "\u041b\u0435\u0433\u043a\u0438\u0439 \u0444\u043e\u0440\u0432\u0430\u0440\u0434"}}, {"model": "sports.amplua", "pk": 4, "fields": {"sport_type": 1, "title": "\u0410\u0442\u0430\u043a\u0443\u044e\u0449\u0438\u0439 \u0437\u0430\u0449\u0438\u0442\u043d\u0438\u043a"}}, {"model": "sports.amplua", "pk": 5, "fields": {"sport_type": 1, "title": "\u0420\u0430\u0437\u044b\u0433\u0440\u044b\u0432\u0430\u044e\u0449\u0438\u0439"}}, {"model": "sports.amplua", "pk": 6, "fields": {"sport_type": 3, "title": "\u0414\u043e\u0438\u0433\u0440\u043e\u0432\u0449\u0438\u043a"}}, {"model": "sports.amplua", "pk": 7, "fields": {"sport_type": 3, "title": "\u0414\u0438\u0430\u0433\u043e\u043d\u0430\u043b\u044c\u043d\u044b\u0439"}}, {"model": "sports.amplua", "pk": 8, "fields": {"sport_type": 3, "title": "\u0426\u0435\u043d\u0442\u0440\u0430\u043b\u044c\u043d\u044b\u0439 \u0431\u043b\u043e\u043a\u0438\u0440\u0443\u044e\u0449\u0438\u0439"}}, {"model": "sports.amplua", "pk": 9, "fields": {"sport_type": 3, "title": "\u0421\u0432\u044f\u0437\u0443\u044e\u0449\u0438\u0439"}}, {"model": "sports.amplua", "pk": 10, "fields": {"sport_type": 3, "title": "\u041b\u0438\u0431\u0435\u0440\u043e"}}, {"model": "sports.amplua", "pk": 11, "fields": {"sport_type": 2, "title": "\u0412\u0440\u0430\u0442\u0430\u0440\u044c"}}, {"model": "sports.amplua", "pk": 12, "fields": {"sport_type": 2, "title": "\u0417\u0430\u0449\u0438\u0442\u043d\u0438\u043a"}}, {"model": "sports.amplua", "pk": 13, "fields": {"sport_type": 2, "title": "\u041f\u043e\u043b\u0443\u0437\u0430\u0449\u0438\u0442\u043d\u0438\u043a"}}, {"model": "sports.amplua", "pk": 14, "fields": {"sport_type": 2, "title": "\u041d\u0430\u043f\u0430\u0434\u0430\u044e\u0449\u0438\u0439"}}, {"model": "sports.amplua", "pk": 15, "fields": {"sport_type": 4, "title": "\u041d\u0430\u043f\u0430\u0434\u0435\u043d\u0438\u0435, \u043b\u0438\u043d\u0435\u0439\u043d\u044b\u0439"}}, {"model": "sports.amplua", "pk": 16, "fields": {"sport_type": 4, "title": "\u041d\u0430\u043f\u0430\u0434\u0435\u043d\u0438\u0435, \u0431\u0435\u0433\u0443\u0449\u0438\u0439"}}, {"model": "sports.amplua", "pk": 17, "fields": {"sport_type": 4, "title": "\u041d\u0430\u043f\u0430\u0434\u0435\u043d\u0438\u0435, \u043f\u0440\u0438\u043d\u0438\u043c\u0430\u044e\u0449\u0438\u0439"}}, {"model": "sports.amplua", "pk": 18, "fields": {"sport_type": 4, "title": "\u041d\u0430\u043f\u0430\u0434\u0435\u043d\u0438\u0435, \u0442\u0430\u0439\u0442\u044d\u043d\u0434"}}, {"model": "sports.amplua", "pk": 19, "fields": {"sport_type": 4, "title": "\u041d\u0430\u043f\u0430\u0434\u0435\u043d\u0438\u0435, \u043a\u0432\u043e\u0442\u0435\u0440\u0431\u0435\u043a"}}, {"model": "sports.amplua", "pk": 20, "fields": {"sport_type": 4, "title": "\u0417\u0430\u0449\u0438\u0442\u0430, \u043b\u0438\u043d\u0435\u0439\u043d\u044b\u0439"}}, {"model": "sports.amplua", "pk": 21, "fields": {"sport_type": 4, "title": "\u0417\u0430\u0449\u0438\u0442\u0430, \u043b\u0430\u0439\u043d\u0431\u0435\u043a\u0435\u0440"}}, {"model": "sports.amplua", "pk": 22, "fields": {"sport_type": 4, "title": "\u0417\u0430\u0449\u0438\u0442\u0430, \u0434\u0438\u0431\u044d\u043a"}}, {"model": "sports.amplua", "pk": 23, "fields": {"sport_type": 5, "title": "\u0412\u0440\u0430\u0442\u0430\u0440\u044c"}}, {"model": "sports.amplua", "pk": 24, "fields": {"sport_type": 5, "title": "\u0417\u0430\u0449\u0438\u0442\u043d\u0438\u043a"}}, {"model": "sports.amplua", "pk": 25, "fields": {"sport_type": 5, "title": "\u041d\u0430\u043f\u0430\u0434\u0430\u044e\u0449\u0438\u0439"}}, {"model": "sports.amplua", "pk": 26, "fields": {"sport_type": 5, "title": "\u0422\u0430\u0444\u0433\u0430\u0439"}}, {"model": "sports.amplua", "pk": 27, "fields": {"sport_type": 5, "title": "\u0422\u0435\u043b\u043e\u0445\u0440\u0430\u043d\u0438\u0442\u0435\u043b\u044c"}}, {"model": "users.user", "pk": 1, "fields": {"password": "pbkdf2_sha256$24000$ESNy5cGcGftD$Uz390lPPbpWprBkM7QB6+2U1s4DV3aM/YjHFkjD9RYA=", "last_login": "2018-10-05T07:47:28.049Z", "is_superuser": true, "email": "harchenko.grape@gmail.com", "first_name": "\u0412\u0438\u0442\u0430\u043b\u0438\u0439", "last_name": "\u0425\u0430\u0440\u0447\u0435\u043d\u043a\u043e", "date_joined": "2014-09-29T18:00:00Z", "is_active": true, "is_staff": true, "weight": 75, "height": 190, "amplua": 3, "city": 1, "sex": "m", "bdate": "1992-12-21", "phone": "+79826469454", "phone_privacy": false, "avatar": "avatar/1/\u0417\u0430\u0431\u0435\u04332018_oAX7PQs.png", "is_referee": false, "is_coach": false, "is_responsible": true, "is_organizer": true, "is_admin": true, "banned": false, "vkuserid": 17610278, "fbuserid": 1121858284626040, "referer": null, "groups": [1], "user_permissions": [], "sport_types": []}}, {"model": "games.game", "pk": 1, "fields": {"title": "\u041f\u0435\u0440\u0432\u0430\u044f \u0438\u0433\u0440\u0430", "visibility": true, "is_reported": false, "responsible": 1, "coach": null, "capacity": 2, "reserved": 1, "cost": 150, "court": 1, "gametype": 1, "datetime": "2018-10-15T07:48:39Z", "duration": "00:02:00", "description": null, "is_public": true, "created_by": null, "sporttype": null, "datetime_to": "2018-10-05T07:49:05.337Z", "deleted": false}}, {"model": "courts.city", "pk": 1, "fields": {"title": "\u0415\u043a\u0430\u0442\u0435\u0440\u0438\u043d\u0431\u0443\u0440\u0433", "country": 1, "responsible": 1}}, {"model": "social_django.usersocialauth", "pk": 1, "fields": {"user": 1, "provider": "vk-oauth2", "uid": "17610278", "extra_data": "{\"id\": 17610278, \"sex\": 2, \"city\": null, \"bdate\": \"21.12.1992\", \"country\": {\"id\": 1, \"title\": \"\\u0420\\u043e\\u0441\\u0441\\u0438\\u044f\"}, \"expires\": 86399, \"contacts\": null, \"auth_time\": 1538725647, \"has_photo\": 1, \"last_name\": \"\\u0425\\u0430\\u0440\\u0447\\u0435\\u043d\\u043a\\u043e\", \"first_name\": \"\\u0412\\u0438\\u0442\\u0430\\u043b\\u0438\\u0439\", \"has_mobile\": 1, \"token_type\": null, \"screen_name\": \"vitaliyharchenko\", \"access_token\": \"5082b1a2ccf0de109e8ac508f34d150c38e7ea1864c0adcd7561952635b48a01bbff2f48a6ca61857c20b\", \"photo_200_orig\": \"https://pp.userapi.com/c846322/v846322693/c41c5/hwViCJGU5Sk.jpg?ava=1\"}"}}]